{
  "posts": [
    {
      "name": "Men's Tech Shell Full-Zip",
      "imagepath": "https://shop.polymer-project.org/esm-bundled/data/images/10-15068A.jpg",
      "rate": 200,
      "description": "A versatile full-zip that you can wear all day long and even to the gym. This technical shell features moisture-wicking fabric, added stretch and a hidden pocket for your smartphone or media player. ",
      "id": 1,
      "quantity": 1,
      "size": "M"
    },
    {
      "name": "Anvil L/S Crew Neck - Grey",
      "imagepath": "https://shop.polymer-project.org/esm-bundled/data/images/10-14154A.jpg",
      "rate": 200,
      "description": "A versatile full-zip that you can wear all day long and even to the gym. This technical shell features moisture-wicking fabric, added stretch and a hidden pocket for your smartphone or media player. ",
      "id": 2,
      "quantity": 1,
      "size": "M"
    },
    {
      "name": "Green Flex Fleece Zip Hoodie",
      "imagepath": "https://shop.polymer-project.org/esm-bundled/data/images/10-14157A.jpg",
      "rate": 300,
      "description": "A versatile full-zip that you can wear all day long and even to the gym. This technical shell features moisture-wicking fabric, added stretch and a hidden pocket for your smartphone or media player. ",
      "id": 3,
      "quantity": 1,
      "size": "M"
    }
  ],
  "cart": [
    {
      "name": "Green Flex Fleece Zip Hoodie",
      "imagepath": "https://shop.polymer-project.org/esm-bundled/data/images/10-14157A.jpg",
      "rate": 300,
      "description": "A versatile full-zip that you can wear all day long and even to the gym. This technical shell features moisture-wicking fabric, added stretch and a hidden pocket for your smartphone or media player. ",
      "id": 3,
      "quantity": "10",
      "size": "M"
    },
    {
      "name": "Anvil L/S Crew Neck - Grey",
      "imagepath": "https://shop.polymer-project.org/esm-bundled/data/images/10-14154A.jpg",
      "rate": 200,
      "description": "A versatile full-zip that you can wear all day long and even to the gym. This technical shell features moisture-wicking fabric, added stretch and a hidden pocket for your smartphone or media player. ",
      "id": 2,
      "quantity": "4",
      "size": "M"
    },
    {
      "name": "Men's Tech Shell Full-Zip",
      "imagepath": "https://shop.polymer-project.org/esm-bundled/data/images/10-15068A.jpg",
      "rate": 200,
      "description": "A versatile full-zip that you can wear all day long and even to the gym. This technical shell features moisture-wicking fabric, added stretch and a hidden pocket for your smartphone or media player. ",
      "id": 1,
      "quantity": 1,
      "size": "M"
    }
  ],
  "comments": [],
  "profile": {
    "name": "typicode"
  }
}